Cuota,Interes,Amortizacion,Saldo Restante
1,162499.99999999997,178796.0956633621,14821203.904336639
2,160563.04229698025,180733.05336638182,14640470.850970257
3,158605.10088551108,182690.99477785098,14457779.856192406
4,156625.9484420844,184670.14722127767,14273109.708971128
5,154625.35518052054,186670.74048284153,14086438.968488287
6,152603.08882528977,188693.0068380723,13897745.961650215
7,150558.91458454396,190737.1810788181,13707008.780571397
8,148492.5951228568,192803.50054050528,13514205.280030891
9,146403.89053366796,194892.2051296941,13319313.074901197
10,144292.55831142963,197003.53735193243,13122309.537549265
11,142158.35332345034,199137.74233991173,12923171.795209354
12,140001.02778143465,201295.06788192742,12721876.727327427
13,137820.33121271376,203475.7644506483,12518400.962876778
14,135616.01043116508,205680.085232197,12312720.877644582
15,133387.80950781627,207908.2861555458,12104812.591489036
16,131135.4697411312,210160.62592223086,11894651.965566805
17,128858.7296269737,212437.36603638838,11682214.599530416
18,126557.32482824616,214738.77083511592,11467475.8286953
19,124230.98814419906,217065.107519163,11250410.721176136
20,121879.44947940813,219416.64618395394,11030994.074992182
21,119502.4358124153,221793.65985094677,10809200.415141234
22,117099.67116403002,224196.42449933203,10585003.990641901
23,114670.87656528725,226625.21909807483,10358378.771543827
24,112215.77002505811,229080.32563830394,10129298.445905523
25,109734.06649730982,231562.02916605223,9897736.416739471
26,107225.47784801092,234070.61781535114,9663665.79892412
27,104689.71282167795,236606.3828416841,9427059.416082436
28,102126.47700755972,239169.61865580233,9187889.797426634
29,99535.47280545518,241760.62285790688,8946129.174568726
30,96916.39939116119,244379.69627220088,8701749.478296526
31,94268.95268154568,247027.14298181637,8454722.33531471
32,91592.82529924267,249703.27036411938,8205019.06495059
33,88887.70653696472,252408.38912639735,7952610.675824192
34,86153.28232142873,255142.81334193333,7697467.862482259
35,83389.23517689113,257906.86048647092,7439561.001995788
36,80595.24418828769,260700.85147507436,7178860.150520714
37,77770.98496397439,263525.1106993877,6915335.039821327
38,74916.12959806436,266379.9660652977,6648955.073756029
39,72030.34663235697,269265.7490310051,6379689.3247250235
40,69113.3010178544,272182.79464550765,6107506.530079516
41,66164.65407586141,275131.4415875006,5832375.088492015
42,63184.06345866349,278112.0322046986,5554263.056287317
43,60171.18310977925,281124.9125535828,5273138.143733734
44,57125.66322378211,284170.43243958,4988967.711294155
45,54047.15020568667,287248.9454576754,4701718.765836479
46,50935.286629895185,290360.80903346685,4411357.956803013
47,47789.7111986993,293506.38446466275,4117851.57233835
48,44610.05870033212,296686.03696302994,3821165.5353753204
49,41395.95996656596,299900.1356967961,3521265.399678524
50,38147.04182985067,303149.0538335114,3218116.345845013
51,34862.92707998763,306433.1685833744,2911683.1772616385
52,31543.23442033441,309752.86124302767,2601930.3160186107
53,28187.578423534946,313108.51723982714,2288821.7987787835
54,24795.569486770153,316500.5261765919,1972321.2726021917
55,21366.81378652374,319929.2818768383,1652391.9907253534
56,17900.91323285799,323395.18243050406,1328996.8082948492
57,14397.465423194199,326898.63024016784,1002098.1780546814
58,10856.06359559238,330440.0320677697,671658.1459869117
59,7276.296581524876,334019.7990818372,337638.34690507455
60,3657.748758138307,337638.34690522373,-1.4918623492121696e-07
